Milicent;Jatczak;mjatczak5@hjdgdhj.ch;F;1223;ASSISTANT
Nathalie;Roloff;nroloff6@hehe.xk;F;1209;ASSISTANT
Lonnard;Seyers;lseyers7@hes.ch;M;1005;ASSISTANT
Mitchell;McAndie;mmcandie8@hes.ch;M;1201;ASSISTANT
Clem;Mathivat;cmathivat9@hes.ch;M;1201;ASSISTANT
Ashlan;Aharoni;aaharonia@hes.ch;F;1007;ASSISTANT
Doralyn;Ambrus;dambrusb@hes.ch;F;1201;ASSISTANT
Sig;Tynemouth;stynemouthc@hes.ch;M;1011;ASSISTANT
Borg;Gillet;bgilletg@hes.ch;M;1201;ASSISTANT
Emalee;Mariyushkin;emariyushkinh@hes.ch;F;1225;ASSISTANT
Jon;Sargeant;jsargeanti@hes.ch;M;1018;ASSISTANT
Hazel;Hugenin;hhugenin0@heg.ch;F;1201;ETUDIANT
Kearney;Connell;koconnell1@heg.ch;F;1204;ETUDIANT
Evangelin;Swallow;eswallow2@heg.ch;F;1201;ETUDIANT
Ody;Oswell;ooswell3@heg.ch;F;1251;ETUDIANT
Adriano;Mattimoe;amattimoe4@heg.ch;F;1203;ETUDIANT
Susanetta;Karslake;skarslake5@heg.ch;F;1208;ETUDIANT
Berta;Juan;bjuan6@heg.ch;F;1219;ETUDIANT
Jarvis;Auty;jauty7@heg.ch;M;1201;ETUDIANT
Bird;Brunnen;bbrunnen8@heg.ch;M;1201;ETUDIANT
Henriette;Jorczyk;hjorczyk9@heg.ch;M;1248;ETUDIANT
Jocko;Gatty;jgattya@heg.ch;F;1289;ETUDIANT
Costanza;Amiable;camiableb@heg.ch;F;1283;ETUDIANT
Lorain;Chesney;lchesneyc@heg.ch;M;1201;ETUDIANT
Kathryn;Josh;kjoshd@heg.ch;F;124;ETUDIANT
Jermayne;Gadie;jgadiee@heg.ch;M;1220;ETUDIANT
Cly;Allum;callumf@heg.ch;M;1215;ETUDIANT
Florri;Klimuk;fklimukg@heg.ch;M;1251;ETUDIANT
Lemuel;Armitt;larmitth@heg.ch;F;1220;ETUDIANT
Regan;Hannigan;rhannigani@heg.ch;M;1236;ETUDIANT
Grove;Ramberg;grambergj@heg.ch;M;1253;ETUDIANT
Adah;Casellas;acasellask@heg.ch;F;1214;ETUDIANT
Kearney;Banasevich;kbanasevichl@heg.ch;M;1241;ETUDIANT
Neille;Batiste;nbatistem@heg.ch;F;1286;ETUDIANT
Collen;Pendall;cpendalln@heg.ch;F;1253;ETUDIANT
Goran;Pimley;gpimleyo@heg.ch;F;1222;ETUDIANT
Giraud;Muschette;gmuschettep@heg.ch;F;1211;ETUDIANT
Vevay;Crombleholme;vcrombleholmeq@heg.ch;F;1243;ETUDIANT
Eldredge;Jonuzi;ejonuzir@heg.ch;F;1245;ETUDIANT
Vail;Notley;vnotleys@heg.ch;F;1228;ETUDIANT
Guenevere;Twinbrow;gtwinbrowt@heg.ch;F;1005;ETUDIANT
Ludovika;Parlot;lparlotu@heg.ch;F;1004;ETUDIANT
Allyn;Minocchi;aminocchiv@heg.ch;M;1003;ETUDIANT
Arturo;Seeler;aseelerw@heg.ch;M;1007;ETUDIANT
Orazio;Prudham;oprudhamx@heg.ch;M;1001;ETUDIANT
Corrine;Rofe;crofey@heg.ch;F;1006;ETUDIANT
Billy;Wigelsworth;bwigelsworthz@heg.ch;F;1001;ETUDIANT
Andrey;Brackenridge;abrackenridge10@heg.ch;M;1001;ETUDIANT
Reinhold;Fortye;rfortye11@heg.ch;F;1001;ETUDIANT
Zabrina;Townend;ztownend12@heg.ch;M;1005;ETUDIANT
Jourdain;Foggo;jfoggo13@heg.ch;M;1005;ETUDIANT
Kelila;Fountaine;kfountaine14@heg.ch;M;1004;ETUDIANT
Brenna;Markie;bmarkie15@heg.ch;F;1003;ETUDIANT
Stacia;Libby;slibby16@heg.ch;M;1007;ETUDIANT
Edyth;Bolle;ebolle17@heg.ch;M;1001;ETUDIANT
Odille;Snow;osnow18@heg.ch;F;1004;ETUDIANT
Vivianna;Asif;vasif19@heg.ch;M;1006;ETUDIANT
Dulce;Itzhak;ditzhak1a@heg.ch;F;1001;ETUDIANT
Parsifal;MacFarlane;pmacfarlane1b@heg.ch;F;1007;ETUDIANT
Samuel;Newbegin;snewbegin1c@heg.ch;F;1232;ETUDIANT
Law;Kesley;lkesley37@heg.ch;F;1010;ETUDIANT
Neale;Isaksson;nisaksson38@heg.ch;F;1012;ETUDIANT
William;Pead;wpead39@heg.ch;F;1011;ETUDIANT
Lisetta;Muldoon;lmuldoon3a@heg.ch;F;1248;ETUDIANT
Godfrey;Eastmond;geastmond3b@heg.ch;F;1239;ETUDIANT
Bertie;Vigers;bvigers3c@heg.ch;F;1212;ETUDIANT
Ilsa;Longhorne;ilonghorne3d@heg.ch;F;1212;ETUDIANT
Earlie;Saffin;esaffin3e@heg.ch;F;1207;ETUDIANT
Tatiania;Geertz;tgeertz3f@heg.ch;M;1227;ETUDIANT
Fax;MacKibbon;fmackibbon3g@heg.ch;M;1227;ETUDIANT
Allx;Fothergill;afothergill3h@heg.ch;M;1212;ETUDIANT
Lurleen;Ewert;lewert3i@heg.ch;F;1212;ETUDIANT
Simmonds;Ocklin;socklin3j@heg.ch;F;1256;ETUDIANT
Rodrick;Fass;rfass3k@heg.ch;M;1284;ETUDIANT
Garnette;Guion;gguion3l@heg.ch;F;1222;ETUDIANT
Sammy;Lockyer;slockyer3m@heg.ch;M;1228;ETUDIANT
Leeanne;Ferronet;lferronet3n@heg.ch;M;1219;ETUDIANT
Jeanelle;Bootell;jbootell3o@heg.ch;M;1248;ETUDIANT
Anastasie;Eseler;aeseler3p@heg.ch;F;1246;ETUDIANT
Zacharias;Rides;zrides3q@heg.ch;M;1255;ETUDIANT
Dan;Orpin;dorpin3r@heg.ch;M;1219;ETUDIANT
Valentijn;Trapp;vtrapp3s@heg.ch;F;1212;ETUDIANT
Carmelle;Renfrew;crenfrew3t@heg.ch;M;1219;ETUDIANT
Cordy;Asplin;casplin3u@heg.ch;F;1219;ETUDIANT
Nanci;Saltern;nsaltern3v@heg.ch;F;1286;ETUDIANT
Fairfax;Dominetti;fdominetti3w@heg.ch;F;1211;ETUDIANT
Winne;Lidstone;wlidstone3x@heg.ch;F;1228;ETUDIANT
Milka;Beadnell;mbeadnell3y@heg.ch;F;1211;ETUDIANT
Randie;Atling;ratling3z@heg.ch;F;1224;ETUDIANT
Doyle;Charnley;dcharnley40@heg.ch;F;12030;ETUDIANT
Harlene;Organ;horgan41@heg.ch;F;1201;ETUDIANT
Waylon;Dicks;wdicks42@heg.ch;M;1200;ETUDIANT
Flossy;Jagg;fjagg43@heg.ch;M;1243;ETUDIANT
Waring;Villiers;wvilliers44@heg.ch;M;1211;ETUDIANT
Chanda;Corrao;ccorrao45@heg.ch;F;1251;ETUDIANT
Gris;Whitehurst;gwhitehurst46@head.ch;F;1201;ETUDIANT
Marge;Gero;mgero47@head.ch;M;1211;ETUDIANT
Jocelyn;Roskelly;jroskelly48@head.ch;F;1256;ETUDIANT
Arlan;McGlynn;amcglynn49@head.ch;M;1225;ETUDIANT
Lenna;Itzkovwitch;litzkovwitch4a@head.ch;M;1212;ETUDIANT
Dan;Yitshak;dyitshak4b@head.ch;M;1005;ETUDIANT
Jehu;McCrostie;jmccrostie4c@head.ch;F;1002;ETUDIANT
Georges;Halloran;ghalloran4d@head.ch;M;1006;ETUDIANT
Luis;Caughtry;lcaughtry4e@head.ch;M;1005;ETUDIANT
Maridel;Shiel;mshiel4f@head.ch;F;1001;ETUDIANT
Cymbre;Guymer;cguymer4g@head.ch;M;1002;ETUDIANT
Catherina;Basten;cbasten4h@head.ch;F;1001;ETUDIANT
Candida;Roden;croden4i@head.ch;F;1001;ETUDIANT
Carmita;Charlotte;ccharlotte4j@head.ch;F;1002;ETUDIANT
Marcello;Bodega;mbodega4k@head.ch;F;1002;ETUDIANT
Iorgos;Shurrock;ishurrock4l@head.ch;F;1007;ETUDIANT
Jesse;Lethabridge;jlethabridge4m@head.ch;F;1005;ETUDIANT
Nert;Gianuzzi;ngianuzzi4n@head.ch;F;1004;ETUDIANT
Luciano;Effnert;leffnert4o@head.ch;F;1010;ETUDIANT
Debora;Ronchetti;dronchetti4p@head.ch;M;1012;ETUDIANT
Shepard;Bulled;sbulled4q@head.ch;M;1011;ETUDIANT
Chico;Gotts;cgotts4r@head.ch;M;1200;ETUDIANT
Ogdan;Klimt;oklimt4s@head.ch;F;1281;ETUDIANT
Mag;Leneve;mleneve4t@head.ch;F;1289;ETUDIANT
Isabeau;Paternoster;ipaternoster4u@head.ch;M;1217;ETUDIANT
Nannie;Tredget;ntredget4v@head.ch;F;1252;ETUDIANT
Noreen;Foyle;nfoyle4w@head.ch;M;1218;ETUDIANT
Milka;Petzold;mpetzold4x@head.ch;M;1218;ETUDIANT
Teddie;Berre;tberre4y@head.ch;M;1214;ETUDIANT
Sander;Giacopelo;sgiacopelo4z@head.ch;F;1214;ETUDIANT
Katlin;Vannuccinii;kvannuccinii50@head.ch;M;1214;ETUDIANT
Fanya;Narraway;fnarraway51@head.ch;M;1220;ETUDIANT
Cecilla;Chidley;cchidley52@head.ch;F;1255;ETUDIANT
Brett;Debling;bdebling53@head.ch;M;1227;ETUDIANT
Travis;Goodman;tgoodman54@head.ch;F;1227;ETUDIANT
Melisenda;Gallone;mgallone55@head.ch;F;1239;ETUDIANT
Erena;Connerly;econnerly56@head.ch;F;1233;ETUDIANT
Gav;Meach;gmeach57@head.ch;F;1256;ETUDIANT
Bord;Malan;bmalan58@head.ch;F;1283;ETUDIANT
Nalani;Willson;nwillson59@head.ch;F;1237;ETUDIANT
Corabella;Layne;clayne5a@head.ch;F;1208;ETUDIANT
Reggie;Jaegar;rjaegar5b@head.ch;F;1223;ETUDIANT
Marysa;Heaseman;mheaseman5c@head.ch;M;1222;ETUDIANT
Ludvig;Power;lpower5d@head.ch;M;1220;ETUDIANT
Coretta;Ferraraccio;cferraraccio5e@head.ch;M;1223;ETUDIANT
Catina;Iglesia;ciglesia5f@head.ch;F;1223;ETUDIANT
Saraann;Caras;scaras5g@head.ch;F;1254;ETUDIANT
Reiko;OCahsedy;rocahsedy5h@head.ch;M;1286;ETUDIANT
Guillermo;Rippin;grippin5i@head.ch;F;1212;ETUDIANT
Jemmy;Starte;jstarte5j@head.ch;M;1255;ETUDIANT
Llewellyn;Strathdee;lstrathdee5k@head.ch;M;1201;ETUDIANT
Shanda;Pettican;spettican5l@head.ch;M;1254;ETUDIANT
Agnella;Crouch;acrouch5m@head.ch;F;1222;ETUDIANT
Lesya;Musto;lmusto5n@head.ch;M;1246;ETUDIANT
Farrand;Rundle;frundle68@head.ch;M;1257;ETUDIANT
Amerigo;Burns;aburns69@head.ch;F;1257;ETUDIANT
Gardie;Spurge;gspurge6a@head.ch;M;1211;ETUDIANT
Chandler;Chaplain;cchaplain6b@head.ch;M;1217;ETUDIANT
Milo;Cuttin;mcuttin6c@head.ch;F;1213;ETUDIANT
Clementius;Senogles;csenogles6d@head.ch;M;1244;ETUDIANT
Ely;Doswell;edoswell6e@head.ch;F;1256;ETUDIANT
Caria;Barnson;cbarnson6f@head.ch;F;1256;ETUDIANT
Annemarie;Howgate;ahowgate6g@head.ch;F;1216;ETUDIANT
Newton;Fursse;nfursse6h@head.ch;F;1216;ETUDIANT
Jaclyn;Stockton;jstockton6i@head.ch;F;1232;ETUDIANT
Wylma;Tieman;wtieman6j@head.ch;F;1214;ETUDIANT
Winifield;Bodle;wbodle6k@head.ch;F;1203;ETUDIANT
Berke;Kobiela;bkobiela8t@heds.ch;F;1244;ETUDIANT
Marylinda;Linford;mlinford8u@heds.ch;M;1215;ETUDIANT
Aimee;Dundon;adundon8v@heds.ch;M;1240;ETUDIANT
Guss;Le Estut;gleestut8w@heds.ch;M;1206;ETUDIANT
Rodi;Delves;rdelves8x@heds.ch;M;1242;ETUDIANT
Nerty;Shewon;nshewon8y@heds.ch;M;1242;ETUDIANT
Kriste;Stidever;kstidever9a@heds.ch;F;1003;ETUDIANT
Shina;Steanyng;ssteanyng9b@heds.ch;F;1007;ETUDIANT
Lem;Klazenga;lklazenga9c@heds.ch;M;1003;ETUDIANT
Aymer;Aggio;aaggio9d@heds.ch;M;1004;ETUDIANT
Linea;Watson;lwatson9e@heds.ch;F;1007;ETUDIANT
Arly;Leidl;aleidl9f@heds.ch;F;1005;ETUDIANT
Etty;Fumagallo;efumagallo9g@heds.ch;F;1005;ETUDIANT
Cad;Kirtlan;ckirtlan9h@heds.ch;M;1003;ETUDIANT
Cassius;Andreutti;candreutti9i@heds.ch;M;1001;ETUDIANT
Pall;Chesters;pchesters9j@heds.ch;M;1007;ETUDIANT
Walsh;Haws;whaws9k@heds.ch;F;1003;ETUDIANT
Cristobal;Neave;cneave9l@heds.ch;M;1007;ETUDIANT
Francklyn;Guilaem;fguilaem9m@heds.ch;F;1002;ETUDIANT
Jayme;Haselwood;jhaselwood9n@heds.ch;F;1010;ETUDIANT
Alex;Clashe;aclashe9o@heds.ch;F;1012;ETUDIANT
Estell;Crewes;ecrewes9p@heds.ch;M;1011;ETUDIANT
Lin;Leedal;lleedal9q@heds.ch;M;1256;ETUDIANT
Kelci;Nigh;knigh9s@heds.ch;M;1209;ETUDIANT
Gregorius;Petren;gpetren9u@heds.ch;F;1226;ETUDIANT
Delbert;Blandamere;dblandamere9v@heds.ch;F;1200;ETUDIANT
Flossie;Clarricoates;fclarricoates9w@heds.ch;M;1201;ETUDIANT
Denna;Donaher;ddonaher9x@heds.ch;M;1227;ETUDIANT
Peri;Roome;proome9y@heds.ch;F;1202;ETUDIANT
Hillary;McBeth;hmcbeth9z@heds.ch;F;1227;ETUDIANT
Davin;Mabbett;dmabbetta0@heds.ch;F;1208;ETUDIANT
Alden;Rapin;arapina2@heds.ch;M;1240;ETUDIANT
Lishe;Stonier;lstoniera3@heds.ch;M;1205;ETUDIANT
Lise;Gabala;lgabalaa4@heds.ch;M;1207;ETUDIANT
Andre;Storm;astorma5@heds.ch;F;1205;ETUDIANT
Van;Olufsen;volufsena6@heds.ch;F;1206;ETUDIANT
Goldarina;Wait;gwaita7@heds.ch;F;1218;ETUDIANT
Hogan;Hecks;hhecksa9@heds.ch;M;1214;ETUDIANT
Fayre;Ivanyushin;fivanyushinaa@heds.ch;F;1214;ETUDIANT
Man;Szwarc;mszwarcab@heds.ch;M;1212;ETUDIANT
Emmett;Lezemore;elezemoreac@heds.ch;F;1214;ETUDIANT
Eugenio;Eastridge;eeastridgead@heds.ch;F;1227;ETUDIANT
Cate;Dake;cdakeae@heds.ch;F;1204;ETUDIANT
Aylmer;Vernon;avernonaf@heds.ch;M;1201;ETUDIANT
Hersch;Garlette;hgarletteah@heds.ch;F;1205;ETUDIANT
Antonetta;Weedall;aweedallaz@heds.ch;M;1206;ETUDIANT
Francois;Nattrass;fnattrassb0@heds.ch;M;1204;ETUDIANT
Melinda;Rignoldes;mrignoldesb1@heds.ch;M;1208;ETUDIANT
Agosto;Tripney;atripneyb2@heds.ch;F;1208;ETUDIANT
Row;Petras;sbrewettbk@hets.ch;M;1212;ETUDIANT
Sisile;Kovacs;rpetrasbl@hets.ch;M;1209;ETUDIANT
Libbie;Chyuerton;skovacsbm@hets.ch;F;1209;ETUDIANT
Debora;Powder;lchyuertonbn@hets.ch;F;1218;ETUDIANT
Eduino;Standley;cformanbp@hets.ch;M;1219;ETUDIANT
Stephanie;Saffen;estandleybq@hets.ch;M;1203;ETUDIANT
Jolie;Tash;ssaffenbr@hets.ch;M;1228;ETUDIANT
Scot;Cossans;hiacovonebt@hets.ch;F;1213;ETUDIANT
Pavel;Jorczyk;scossansbu@hets.ch;F;1205;ETUDIANT
Gavra;Coxhead;pjorczykbv@hets.ch;F;1226;ETUDIANT
Cori;Sudlow;gcoxheadbw@hets.ch;M;1204;ETUDIANT
Caterina;Nevins;dbashamc6@hets.ch;F;1236;ETUDIANT
Gerhardt;Biner;cnevinsc7@hets.ch;F;1286;ETUDIANT
Aland;Salzburger;gbinerc8@hets.ch;M;1284;ETUDIANT
Roosevelt;Lakey;asalzburgerc9@hets.ch;M;1288;ETUDIANT
Irv;Cancutt;rlakeyca@hets.ch;M;1252;ETUDIANT
Ferdy;Paunton;icancuttcb@hets.ch;F;1200;ETUDIANT
Claudian;Aylesbury;fpauntoncc@hets.ch;F;1201;ETUDIANT
Lemmie;Cathersides;caylesburycd@hets.ch;M;1211;ETUDIANT
Staffard;Beeston;lcathersidesce@hets.ch;M;1203;ETUDIANT
Miranda;Brunsen;sbeestoncf@hets.ch;M;1223;ETUDIANT
Amara;Roughsedge;mbrunsencg@hets.ch;M;1227;ETUDIANT
Jobyna;Sapey;jsapey0@hes.ch;F;1227;PROFESSEUR
Adelbert;Hamberstone;ahamberstone1@hes.ch;F;1202;PROFESSEUR
Osbert;McGilbon;omcgilbon2@hes.ch;F;1255;PROFESSEUR
Collin;McKeag;cmckeag3@hes.ch;M;1201;PROFESSEUR
Fulvia;Eary;feary4@hes.ch;M;1205;PROFESSEUR
Foster;Kollatsch;fkollatsch5@hes.ch;F;1207;PROFESSEUR
Gauthier;Swindells;gswindells6@hes.ch;M;1203;PROFESSEUR
Hayward;Oran;horan7@hes.ch;M;1288;PROFESSEUR
Rodolfo;OCridigan;rocridigan8@hes.ch;M;1207;PROFESSEUR
Idette;Maddie;imaddie9@hes.ch;F;1209;PROFESSEUR
Brandtr;Greep;bgreepa@hes.ch;F;1211;PROFESSEUR
Kellyann;Germann;kgermannb@hes.ch;M;1207;PROFESSEUR
Errol;Disbrey;edisbreyc@hes.ch;M;1236;PROFESSEUR
Myrna;Djurkovic;mdjurkovicd@hes.ch;F;1001;PROFESSEUR
Corilla;Haig;chaige@hes.ch;F;1002;PROFESSEUR
Isabella;Gerard;igerardf@hes.ch;F;1213;PROFESSEUR
Ajay;Cornels;acornelsg@hes.ch;M;1247;PROFESSEUR
Sergio;Jolliffe;sjolliffeh@hes.ch;M;1237;PROFESSEUR
Magdalena;Spincke;mspinckei@hes.ch;M;1214;PROFESSEUR
Pall;Tregido;ptregidoj@hes.ch;M;1284;PROFESSEUR
Tabor;Sandhill;tsandhillk@hes.ch;F;1010;PROFESSEUR
Constantia;Empleton;cempletonl@hes.ch;F;1217;PROFESSEUR
Sidonia;Millhouse;smillhousem@hes.ch;F;1001;PROFESSEUR
Rudie;Scully;rscullyn@hes.ch;M;1203;PROFESSEUR
Daniel;Massimo;dmassimoo@hes.ch;M;1288;PROFESSEUR
Alonso;Noone;anoonep@hes.ch;F;1010;PROFESSEUR
Judi;Sambrok;jsambrokq@hes.ch;M;1202;PROFESSEUR
Susanetta;Rattery;sratteryr@hes.ch;F;1257;PROFESSEUR
Benji;Gherardelli;bgherardellis@hes.ch;F;1205;PROFESSEUR
